{"cameraMode":{"drawMode":0,"name":"Shaded","section":"Shading Mode"},"sceneLighting":true,"audioPlay":false,"sceneViewState":{"m_AlwaysRefresh":false,"showFog":true,"showSkybox":true,"showFlares":true,"showImageEffects":true,"showParticleSystems":true,"showVisualEffectGraphs":true,"m_FxEnabled":true},"in2DMode":false,"pivot":{"x":856.9083251953125,"y":571.4893798828125,"z":82.13340759277344},"rotation":{"x":-0.013808352872729302,"y":0.01109585352241993,"z":-0.00015321580576710403,"w":-0.9998435378074646},"size":551.4034423828125,"orthographic":false}